{"EntryId":{"$t":"7lJjx9AWbg0ZkL0-gt-1423767-2018-09-25T12:44:21.94Z::conn.xml"},"Name":{"$t":"successfactorconn"},"ParentFlowIds":{"$t":"pDUQbgdwUiQLnzY-gt-10479-2018-09-27T09:50:22.254Z::pd.xml"},"MimeType":{"$t":"application\/xml+connection"},"Description":{},"AppliesTo":{},"Tags":{},"VersionLabel":{"$t":"1.0"},"State":{"$t":"CURRENT"},"ProcessGroup":{},"CreatedBy":{"$t":"pdhoria@informatica.com"},"CreationDate":{"$t":"2018-09-25T12:44:22Z"},"ModifiedBy":{"$t":"pdhoria@informatica.com"},"ModificationDate":{"$t":"2018-09-27T09:49:18Z"},"PublicationStatus":{"$t":"published"},"PublishedBy":{"$t":"pdhoria@informatica.com"},"PublicationDate":{"$t":"2018-10-01T05:04:58Z"},"PublishedContributionId":{"$t":"project:\/rt.connection\/successfactorconn\/successfactorconn.conn.xml"},"AutosaveExists":{"$t":"false"},"Entry":{"connection":{"displayName":"successfactorconn","label":"successfactorconn","name":"successfactorconn","xmlns":"http:\/\/schemas.informatica.com\/socrates\/data-services\/2014\/04\/avosConnections.xsd","xmlns$aetgt":"http:\/\/schemas.active-endpoints.com\/appmodules\/repository\/2010\/10\/avrepository.xsd","description":{},"tags":{},"agent":{},"attributes":{"attribute":{"encrypted":"false","name":"hostname","value":"apisalesdemo8.successfactors.com"}},"businessConnector":{"agentOnly":"false","connectorPath":"project:\/rt.connector\/SuccessfactorOdata\/SuccessfactorOdata_svcDef.xml","name":"SuccessfactorOdata","supportsConnectionTest":"false","uuid":"9f913313-ab9e-4b9f-9dbf-7932b3547bbd","xmlns":"http:\/\/schemas.informatica.com\/appmodules\/screenflow\/2014\/04\/avosConnectors.xsd","description":{}}}},"GUID":{"$t":"brO03qBr8wtlL516W9U2YT"},"DisplayName":{"$t":"successfactorconn"}}