{"EntryId":{"$t":"pDUQbgdwUiQLnzY-gt-10479-2018-09-27T09:50:22.254Z::pd.xml"},"Name":{"$t":"SuccessfactortoOracle"},"MimeType":{"$t":"application\/xml+process"},"Description":{},"AppliesTo":{},"Tags":{"$t":".anonymous"},"VersionLabel":{"$t":"1.0"},"State":{"$t":"CURRENT"},"ProcessGroup":{},"CreatedBy":{"$t":"pdhoria@informatica.com"},"CreationDate":{"$t":"2018-09-27T09:50:22Z"},"ModifiedBy":{"$t":"pdhoria@informatica.com"},"ModificationDate":{"$t":"2018-10-01T05:33:02Z"},"PublicationStatus":{"$t":"out-of-date"},"PublishedBy":{"$t":"pdhoria@informatica.com"},"PublicationDate":{"$t":"2018-10-01T05:31:17Z"},"PublishedContributionId":{"$t":"project:\/spi.SuccessfactortoOracle\/SuccessfactortoOracle.pd.xml"},"AutosaveExists":{"$t":"false"},"Entry":{"process":{"displayName":"SuccessfactortoOracle","name":"SuccessfactortoOracle","xmlns":"http:\/\/schemas.active-endpoints.com\/appmodules\/screenflow\/2010\/10\/avosScreenflow.xsd","xmlns$aetgt":"http:\/\/schemas.active-endpoints.com\/appmodules\/repository\/2010\/10\/avrepository.xsd","xmlns$list":"urn:activevos:spi:list:functions","appliesTo":{},"description":{},"tags":{"$t":".anonymous"},"generator":{"$t":"Informatica Process Designer 9"},"input":{"parameter":{"description":"","name":"Userid_in","required":"true","type":"string","options":{"option":{"name":"required","$t":"false"}}}},"output":{"field":{"description":"","name":"out_Status_msg","type":"string","options":{"option":{"name":"required","$t":"false"}}}},"notes":{},"deployment":{"suspendOnFault":"false","tracingLevel":"none","rest":{"allowAnonymousAccess":{}}},"flow":{"id":"a","start":{"id":"b","link":{"id":"jmlip962","targetId":"jmlip961"}},"service":{"id":"jmlip961","title":{"$t":"GetUser"},"serviceName":{"$t":"successfactorconn:GetUser"},"serviceGUID":{"$t":"brO03qBr8wtlL516W9U2YT"},"serviceInput":{"parameter":{"name":"userId","source":"field","updatable":"true","$t":"input.Userid_in"}},"link":{"id":"jmlip96e","targetId":"jmpuc9iz"}},"eventContainer":{"id":"jmpuc9iz","create":{"id":"jmlip96d","title":{"$t":"USER_SUCCESSFACTOR"},"entityName":{"$t":"conn11G-2:USER_SUCCESSFACTOR"},"createInput":{"parameter":[{"name":"USER_ID","source":"field","updatable":"true","$t":"input.Userid_in"},{"name":"FULLNAME","source":"field","updatable":"true","$t":"output.username"},{"name":"SALUTATION","source":"field","updatable":"true","$t":"output.salutation"},{"name":"FIRSTNAME","source":"field","updatable":"true","$t":"output.firstName"},{"name":"LASTNAME","source":"field","updatable":"true","$t":"output.lastName"},{"name":"EMAIL","source":"field","updatable":"true","$t":"output.email"},{"name":"GENDER","source":"field","updatable":"true","$t":"output.gender"},{"name":"HIREDATE","source":"field","updatable":"true","$t":"output.hireDate"}]}},"flow":[{"id":"jmpuc9j1","assignment":{"id":"jmpuc9m2","title":{"$t":"RecordCreated"},"operation":{"source":"formula","to":"output.out_Status_msg","expression":{"language":"XQuery","$t":"'Successfully created Record with user_id'||$input.Userid_in"}}},"link":{"id":"jmpuc9j2","targetId":"jmpuc9iz","type":"containerLink"}},{"id":"jmpuc9j4","assignment":{"id":"jmpuc9jf","title":{"$t":"Error"},"operation":{"source":"formula","to":"output.out_Status_msg","expression":{"language":"XQuery","$t":"'Error While Creating User '||$input.Userid_in||' ' ||$output.faultInfo[1]\/reason "}}},"link":{"id":"jmpuc9j5","targetId":"jmpuc9iz","type":"containerLink"}}],"link":[{"id":"jmpuc9j0","targetId":"jmpuc9j1","type":"containerLink"},{"id":"jmpuc9ml","targetId":"c"}],"events":{"catch":{"faultField":"faultInfo","id":"jmpuc9ia","interrupting":"true","link":{"id":"jmpuc9j3","targetId":"jmpuc9j4","type":"containerLink"}}}},"end":{"id":"c"}}}},"GUID":{"$t":"bicMy2O74Ajd8QPW4PepCa"},"DisplayName":{"$t":"SuccessfactortoOracle"}}