{
  "name" : "export_ ",
  "sourceOrgId" : "0mRBLfStWrpdlRVQbxySqF",
  "sourceOrgName" : "Informatica Business Solutions PVT Ltd",
  "exportedObjects" : [ {
    "objectGuid" : "bicMy2O74Ajd8QPW4PepCa",
    "objectName" : "SuccessfactortoOracle",
    "objectType" : "PROCESS",
    "path" : "/Explore/SuccessFactor",
    "metadata" : {
      "modelVersion" : {
        "major" : 1,
        "minor" : 0
      },
      "repoInfo" : {
        "repoHandle" : "pDUQbgdwUiQLnzY-gt-10479-2018-09-27T09:50:22.254Z::pd.xml"
      },
      "objectRefs" : [ "brO03qBr8wtlL516W9U2YT" ],
      "contextAttributes" : null,
      "additionalInfo" : {
        "description" : "",
        "contentType" : "application/json; charset=utf-8",
        "documentState" : "VALID"
      },
      "objectExistence" : "WITH_DEPENDENCIES"
    }
  }, {
    "objectGuid" : "7pJAVwxGV8ojZ5eV3rrIMA",
    "objectName" : "SuccessFactor",
    "objectType" : "Project",
    "path" : "/Explore",
    "metadata" : {
      "modelVersion" : {
        "major" : 0,
        "minor" : 0
      },
      "repoInfo" : null,
      "objectRefs" : [ ],
      "contextAttributes" : [ ],
      "additionalInfo" : {
        "description" : "",
        "contentType" : "Binary",
        "documentState" : "COMPLETE"
      },
      "objectExistence" : "WITHOUT_DEPENDENCIES"
    }
  }, {
    "objectGuid" : "brO03qBr8wtlL516W9U2YT",
    "objectName" : "successfactorconn",
    "objectType" : "AI_CONNECTION",
    "path" : "/Explore/SuccessFactor",
    "metadata" : {
      "modelVersion" : {
        "major" : 1,
        "minor" : 0
      },
      "repoInfo" : {
        "repoHandle" : "7lJjx9AWbg0ZkL0-gt-1423767-2018-09-25T12:44:21.94Z::conn.xml"
      },
      "objectRefs" : [ ],
      "contextAttributes" : null,
      "additionalInfo" : {
        "description" : "",
        "contentType" : "application/json; charset=utf-8",
        "documentState" : "VALID"
      },
      "objectExistence" : "WITH_DEPENDENCIES"
    }
  } ]
}